year,TPES_Mtoe,TFC_Mtoe,iso3
1960,31.48,23.31,AUS
1961,32.66,24.12,AUS
1962,34.08,24.32,AUS
1963,35.96,26.38,AUS
1964,37.4,27.4,AUS
1965,39.44,28.92,AUS
1966,41.32,29.34,AUS
1967,43.57,30.95,AUS
1968,45.2,32.79,AUS
1969,46.51,34.34,AUS
1970,50.82,34.92,AUS
1971,51.61,36.08,AUS
1972,53.17,36.65,AUS
1973,57.06,39.58,AUS
1974,58.93,40.15,AUS
1975,60.38,41.1,AUS
1976,61.83,41.64,AUS
1977,66.29,43.85,AUS
1978,66.47,44.43,AUS
1979,67.98,45.65,AUS
1980,69.6,46.79,AUS
1981,70.08,46.6,AUS
1982,73.12,47.11,AUS
1983,70.01,45.43,AUS
1984,72.31,47.31,AUS
1985,72.53,49.31,AUS
1986,74.06,49.43,AUS
1987,77.62,50.55,AUS
1988,77.75,52.76,AUS
1989,84.09,54.85,AUS
1990,86.38,56.65,AUS
1991,85.17,56.21,AUS
1992,86.76,56.74,AUS
1993,90.94,58.83,AUS
1994,90.88,60.16,AUS
1995,92.7,62.27,AUS
1996,98.76,64.2,AUS
1997,101.28,65.67,AUS
1998,103.91,66.64,AUS
1999,106.18,67.68,AUS
2000,103.1,69.58,AUS
2001,110.3,70.23,AUS
2002,111.86,69.75,AUS
2003,110.79,70.87,AUS
2004,112.67,72.55,AUS
2005,113.48,72.23,AUS
2006,118.17,72.86,AUS
2007,122.22,74.99,AUS
2008,126.74,76.13,AUS
2009,127.13,75.59,AUS
2010,127.63,76.56,AUS
2011,128.35,78.31,AUS
2012,126.77,78.79,AUS
2013,126.49,80.88,AUS
2014,125.25,80.89,AUS
2015,125.3,81.3,AUS
2016,132.32,NA,AUS
1960,10.9,8.69,AUT
1961,11.01,8.59,AUT
1962,11.95,9.49,AUT
1963,13.09,10.49,AUT
1964,13.4,10.74,AUT
1965,13.46,11,AUT
1966,13.93,11.4,AUT
1967,14.17,11.75,AUT
1968,15.17,12.58,AUT
1969,16.23,13.36,AUT
1970,18.06,14.24,AUT
1971,18.82,14.57,AUT
1972,19.82,15.34,AUT
1973,21.48,16.61,AUT
1974,20.75,16.15,AUT
1975,20.12,15.97,AUT
1976,21.69,16.61,AUT
1977,21.17,16.79,AUT
1978,21.88,17.76,AUT
1979,23.7,18.87,AUT
1980,23.15,18.64,AUT
1981,21.93,17.8,AUT
1982,21.44,17.68,AUT
1983,21.5,17.77,AUT
1984,22.33,18.34,AUT
1985,23.09,18.97,AUT
1986,23.18,19.01,AUT
1987,24.05,19.49,AUT
1988,24.31,20.21,AUT
1989,23.92,19.96,AUT
1990,24.88,19.8,AUT
1991,26.48,21.29,AUT
1992,25.45,20.74,AUT
1993,25.74,21,AUT
1994,25.67,20.43,AUT
1995,26.81,21.31,AUT
1996,28.5,23.16,AUT
1997,28.29,22.89,AUT
1998,28.77,23.3,AUT
1999,28.71,23.51,AUT
2000,28.61,23.59,AUT
2001,30.23,25.03,AUT
2002,30.48,25.09,AUT
2003,32.13,26.49,AUT
2004,32.65,26.93,AUT
2005,33.54,27.27,AUT
2006,33.63,27.44,AUT
2007,33.22,26.96,AUT
2008,33.41,27.12,AUT
2009,31.64,26.31,AUT
2010,33.82,27.7,AUT
2011,32.86,26.59,AUT
2012,32.72,26.72,AUT
2013,33.25,27.44,AUT
2014,32.01,26.46,AUT
2015,32.79,27,AUT
2016,33.3,NA,AUT
1960,23.06,16.09,BEL
1961,23.61,16.67,BEL
1962,25.91,18.64,BEL
1963,28.27,20.59,BEL
1964,28.34,19.84,BEL
1965,29.49,21.33,BEL
1966,29.07,20.88,BEL
1967,30.5,21.92,BEL
1968,34.53,24.92,BEL
1969,37.4,27.05,BEL
1970,39.93,29.54,BEL
1971,39.66,29.24,BEL
1972,43.45,31.69,BEL
1973,45.99,33.73,BEL
1974,45.12,32.18,BEL
1975,42.32,30.75,BEL
1976,45.38,32.39,BEL
1977,45.12,32.33,BEL
1978,47.49,34.05,BEL
1979,49.01,34.83,BEL
1980,46.77,32.29,BEL
1981,43.53,29.87,BEL
1982,41.48,29.05,BEL
1983,40.96,27.91,BEL
1984,42.72,28.89,BEL
1985,44.11,30.19,BEL
1986,45.7,31.19,BEL
1987,46.66,31.33,BEL
1988,47.24,31.57,BEL
1989,47.69,31.83,BEL
1990,47.94,32.14,BEL
1991,50.08,34.05,BEL
1992,50.63,34.46,BEL
1993,49.44,34.12,BEL
1994,52.46,37.19,BEL
1995,53.4,37.95,BEL
1996,56.23,40.33,BEL
1997,56.24,39.9,BEL
1998,57.17,40.45,BEL
1999,57.4,40.68,BEL
2000,58.09,41.7,BEL
2001,57.93,42.62,BEL
2002,55.68,40.53,BEL
2003,57.98,41.76,BEL
2004,58.25,42.33,BEL
2005,58.2,41.86,BEL
2006,57.73,41.49,BEL
2007,56.64,40.72,BEL
2008,58.29,42.73,BEL
2009,55.9,39.75,BEL
2010,60.11,42.55,BEL
2011,56.22,39.56,BEL
2012,53.82,40.07,BEL
2013,55.86,41.95,BEL
2014,52.95,40.22,BEL
2015,53.27,41.83,BEL
2016,56.47,NA,BEL
1960,76.14,66.19,CAN
1961,78.71,67.41,CAN
1962,82.86,70.57,CAN
1963,89.02,74.05,CAN
1964,94.76,79.26,CAN
1965,101.42,83.85,CAN
1966,105.71,88.11,CAN
1967,113.44,93.43,CAN
1968,121.8,99.16,CAN
1969,128.08,105.38,CAN
1970,138.1,113.9,CAN
1971,141.35,116.62,CAN
1972,152.5,124.73,CAN
1973,159.35,131.43,CAN
1974,161.71,138.13,CAN
1975,165.95,131.79,CAN
1976,171.04,138.46,CAN
1977,176.32,143.69,CAN
1978,181.2,146.32,CAN
1979,190.28,153.23,CAN
1980,191.93,155.06,CAN
1981,187.52,150.53,CAN
1982,180.18,141.93,CAN
1983,179.51,140.65,CAN
1984,188.69,146.22,CAN
1985,192.99,150.6,CAN
1986,196.32,150.87,CAN
1987,202.88,153.26,CAN
1988,211.26,160.09,CAN
1989,217.21,163.5,CAN
1990,211.29,161.79,CAN
1991,210.77,160.31,CAN
1992,215.67,163.18,CAN
1993,222.9,167.32,CAN
1994,230.77,173.36,CAN
1995,233.83,177.26,CAN
1996,238.46,182.96,CAN
1997,240.93,185.37,CAN
1998,239.69,180.82,CAN
1999,246.48,187.34,CAN
2000,253.62,191.53,CAN
2001,249.92,185.09,CAN
2002,250.69,190.15,CAN
2003,263.95,196.79,CAN
2004,270.46,201.54,CAN
2005,272.4,195.72,CAN
2006,276.69,192.62,CAN
2007,278.41,198.8,CAN
2008,272.74,195.43,CAN
2009,262.48,185.12,CAN
2010,265.25,188.08,CAN
2011,270.73,195.38,CAN
2012,267.82,196.51,CAN
2013,270.83,197.66,CAN
2014,278.82,196.25,CAN
2015,270.19,193.42,CAN
2016,278.26,NA,CAN
1960,7.45,7.1,CHE
1961,7.91,7.58,CHE
1962,8.74,8.38,CHE
1963,10.65,10.14,CHE
1964,10.53,10.09,CHE
1965,11.38,10.85,CHE
1966,11.64,10.98,CHE
1967,12.23,11.45,CHE
1968,13.18,12.28,CHE
1969,14.33,13.29,CHE
1970,15.8,14.46,CHE
1971,16.39,15.18,CHE
1972,17.08,15.32,CHE
1973,18.91,16.67,CHE
1974,17.65,15.34,CHE
1975,17.18,14.69,CHE
1976,17.78,15.31,CHE
1977,18.08,15.64,CHE
1978,18.81,16.33,CHE
1979,19.15,16.02,CHE
1980,20.04,16.62,CHE
1981,19.66,16.01,CHE
1982,19.07,15.46,CHE
1983,20.37,16.66,CHE
1984,20.87,16.63,CHE
1985,22.08,17.84,CHE
1986,23.05,17.94,CHE
1987,22.46,17.61,CHE
1988,22.66,17.68,CHE
1989,22.19,17.74,CHE
1990,24.36,18.31,CHE
1991,24.73,19.26,CHE
1992,24.84,19.28,CHE
1993,24.22,18.65,CHE
1994,24.44,18.21,CHE
1995,24.09,18.71,CHE
1996,24.56,19.12,CHE
1997,24.99,18.68,CHE
1998,25.3,19.18,CHE
1999,25.34,19.6,CHE
2000,25.01,19.37,CHE
2001,26.56,19.95,CHE
2002,25.89,19.42,CHE
2003,26,20.01,CHE
2004,26.09,20.16,CHE
2005,25.94,20.44,CHE
2006,27.09,20.31,CHE
2007,25.76,19.67,CHE
2008,26.77,20.35,CHE
2009,26.96,19.93,CHE
2010,26.2,20.79,CHE
2011,25.36,19.21,CHE
2012,25.61,19.87,CHE
2013,26.73,20.34,CHE
2014,25.06,18.66,CHE
2015,24.53,18.94,CHE
2016,23.9,NA,CHE
1960,NA,NA,CHN
1961,NA,NA,CHN
1962,NA,NA,CHN
1963,NA,NA,CHN
1964,NA,NA,CHN
1965,NA,NA,CHN
1966,NA,NA,CHN
1967,NA,NA,CHN
1968,NA,NA,CHN
1969,NA,NA,CHN
1970,NA,NA,CHN
1971,391.06,336.68,CHN
1972,411.33,352.61,CHN
1973,426.61,363.51,CHN
1974,437.72,374.33,CHN
1975,483.39,409.57,CHN
1976,499.94,423.3,CHN
1977,544.57,458.97,CHN
1978,590.1,487.31,CHN
1979,599.86,490.58,CHN
1980,598.02,487.28,CHN
1981,593.5,488.78,CHN
1982,612.07,504.7,CHN
1983,636.41,523.83,CHN
1984,675.05,554.55,CHN
1985,691.33,562.43,CHN
1986,716.04,584.94,CHN
1987,752.78,614.13,CHN
1988,793.55,643.16,CHN
1989,810.03,652.17,CHN
1990,870.68,654.31,CHN
1991,847.95,676.93,CHN
1992,876.79,690.27,CHN
1993,928.76,719.14,CHN
1994,972.73,738.9,CHN
1995,1044.41,780.94,CHN
1996,1073.46,762.76,CHN
1997,1073.03,778.59,CHN
1998,1078.39,784.46,CHN
1999,1098.58,759.19,CHN
2000,1129.84,781.16,CHN
2001,1168.26,800.51,CHN
2002,1245.76,839.72,CHN
2003,1419.62,925.82,CHN
2004,1614.63,1076.26,CHN
2005,1781.39,1184.16,CHN
2006,1948.76,1273.68,CHN
2007,2097.56,1368.73,CHN
2008,2153.99,1417.32,CHN
2009,2296.94,1480.67,CHN
2010,2536.28,1578.85,CHN
2011,2721.49,1692.06,CHN
2012,2818.57,1747.1,CHN
2013,2908.73,1816.85,CHN
2014,2953.52,1868.17,CHN
2015,2973.25,1905.68,CHN
2016,NA,NA,CHN
1960,NA,NA,CZE
1961,NA,NA,CZE
1962,NA,NA,CZE
1963,NA,NA,CZE
1964,NA,NA,CZE
1965,NA,NA,CZE
1966,NA,NA,CZE
1967,NA,NA,CZE
1968,NA,NA,CZE
1969,NA,NA,CZE
1970,NA,NA,CZE
1971,45.38,32.61,CZE
1972,45.53,32.04,CZE
1973,45.16,31.35,CZE
1974,41.9,31.11,CZE
1975,43.68,32.21,CZE
1976,44.94,32.93,CZE
1977,48.05,35.2,CZE
1978,45.37,33.58,CZE
1979,48.41,36.86,CZE
1980,46.96,34.66,CZE
1981,47.05,34.74,CZE
1982,47.79,35.29,CZE
1983,47.97,35.67,CZE
1984,48.98,36.51,CZE
1985,49.25,37.3,CZE
1986,50.06,37.78,CZE
1987,51.51,39.42,CZE
1988,50.49,38.57,CZE
1989,49.1,36.5,CZE
1990,49.79,32.98,CZE
1991,45.24,29.28,CZE
1992,44.04,29.06,CZE
1993,42.67,28.2,CZE
1994,41.2,26.9,CZE
1995,41.74,27.43,CZE
1996,43.05,28,CZE
1997,43.38,27.43,CZE
1998,41.98,26.37,CZE
1999,39.15,25.57,CZE
2000,41.17,26.12,CZE
2001,42.26,26.71,CZE
2002,42.84,26.21,CZE
2003,44.72,27.34,CZE
2004,45.76,28.24,CZE
2005,45.24,28.09,CZE
2006,46.27,28.3,CZE
2007,46.2,27.48,CZE
2008,45.3,27.71,CZE
2009,42.57,26.52,CZE
2010,45.13,27.05,CZE
2011,43.52,26,CZE
2012,43.27,26.11,CZE
2013,43.23,25.81,CZE
2014,41.97,25.35,CZE
2015,42.15,25.52,CZE
2016,41.38,NA,CZE
1960,142.18,98.46,DEU
1961,146.34,102.08,DEU
1962,157.29,112.4,DEU
1963,170.45,123.62,DEU
1964,176.33,126.26,DEU
1965,180.67,130.83,DEU
1966,182.9,135.42,DEU
1967,183.79,136.09,DEU
1968,197.99,146.02,DEU
1969,215.97,159.52,DEU
1970,301.8,218.17,DEU
1971,305.05,218.23,DEU
1972,316.12,227.63,DEU
1973,334.7,241.71,DEU
1974,328.37,233,DEU
1975,313.51,226.41,DEU
1976,337.99,237.79,DEU
1977,338.91,239.52,DEU
1978,350.15,249.62,DEU
1979,366.05,260.34,DEU
1980,357.18,248.66,DEU
1981,344.96,239.29,DEU
1982,333.53,229.99,DEU
1983,333.46,232.79,DEU
1984,346.26,240.8,DEU
1985,357.21,248.32,DEU
1986,356.67,250.71,DEU
1987,359.34,251.85,DEU
1988,361.75,250.34,DEU
1989,355.54,242.72,DEU
1990,351.2,240.78,DEU
1991,344.29,237.95,DEU
1992,337.9,232.01,DEU
1993,334.58,232.44,DEU
1994,332.98,229.52,DEU
1995,336.49,233.3,DEU
1996,347.86,242.06,DEU
1997,344.82,239.04,DEU
1998,342.74,238.26,DEU
1999,334.96,233.71,DEU
2000,336.58,231.39,DEU
2001,346.68,235.42,DEU
2002,338.9,231.94,DEU
2003,337.05,234.3,DEU
2004,339.09,233.19,DEU
2005,337.07,230.67,DEU
2006,346.33,234.72,DEU
2007,328.03,220.38,DEU
2008,330.94,226.86,DEU
2009,309.88,215.09,DEU
2010,325.97,228.89,DEU
2011,309.49,218.5,DEU
2012,310.81,220.07,DEU
2013,317.6,225.33,DEU
2014,305.72,216.32,DEU
2015,307.79,220.17,DEU
2016,311.53,NA,DEU
1960,8.81,6.81,DNK
1961,9.33,7.47,DNK
1962,10.67,8.5,DNK
1963,11.72,9.29,DNK
1964,12.28,9.74,DNK
1965,13.43,10.77,DNK
1966,14.72,11.62,DNK
1967,14.8,11.69,DNK
1968,15.59,12.46,DNK
1969,18.1,14.21,DNK
1970,19.57,15.26,DNK
1971,18.51,14.67,DNK
1972,19.26,15,DNK
1973,18.99,15.31,DNK
1974,17.61,13.39,DNK
1975,17.47,13.6,DNK
1976,19,15.45,DNK
1977,19.49,15.51,DNK
1978,19.88,15.6,DNK
1979,20.57,16.11,DNK
1980,19.14,14.74,DNK
1981,17.32,13.54,DNK
1982,17.52,12.31,DNK
1983,16.54,12.69,DNK
1984,17.14,13.17,DNK
1985,19.3,14.23,DNK
1986,19.58,14.5,DNK
1987,19.58,14.52,DNK
1988,18.68,13.93,DNK
1989,17.52,13.52,DNK
1990,17.36,13.17,DNK
1991,19.25,13.96,DNK
1992,18.42,13.76,DNK
1993,18.92,14.25,DNK
1994,19.58,14.22,DNK
1995,19.4,14.51,DNK
1996,21.95,15.09,DNK
1997,20.34,14.73,DNK
1998,20.01,14.62,DNK
1999,19.17,14.55,DNK
2000,18.63,14.23,DNK
2001,19.21,14.58,DNK
2002,19,14.36,DNK
2003,20.1,14.68,DNK
2004,19.44,14.84,DNK
2005,18.9,14.92,DNK
2006,20.27,15.08,DNK
2007,19.78,15.13,DNK
2008,19.24,14.89,DNK
2009,18.39,14.26,DNK
2010,19.48,14.96,DNK
2011,17.99,14.25,DNK
2012,17.29,13.66,DNK
2013,17.15,13.5,DNK
2014,16.11,12.86,DNK
2015,16.1,13.31,DNK
2016,16.54,NA,DNK
1960,16.16,12.8,ESP
1961,17.14,13.75,ESP
1962,18.78,14.72,ESP
1963,19.51,16.08,ESP
1964,21.61,17.18,ESP
1965,22.84,17.95,ESP
1966,25.53,20.11,ESP
1967,28.81,21.75,ESP
1968,32.9,23.92,ESP
1969,35.11,26.96,ESP
1970,37.98,29.85,ESP
1971,42.61,32.79,ESP
1972,44.83,33.93,ESP
1973,51.57,38.54,ESP
1974,55.89,40.05,ESP
1975,57.49,40.19,ESP
1976,61.72,43.37,ESP
1977,60.65,44.74,ESP
1978,64.79,46.3,ESP
1979,65.78,49.24,ESP
1980,67.69,48.12,ESP
1981,68.72,46.34,ESP
1982,66.87,45.29,ESP
1983,68,46.49,ESP
1984,69.51,46.83,ESP
1985,70.91,47.45,ESP
1986,72.38,47.55,ESP
1987,74.15,49.12,ESP
1988,80.08,54.39,ESP
1989,88.1,58.4,ESP
1990,90.07,60.61,ESP
1991,93.43,63.15,ESP
1992,95.17,63.85,ESP
1993,91.28,62.34,ESP
1994,96.34,65.72,ESP
1995,100.78,68.86,ESP
1996,99.3,69.3,ESP
1997,105.54,73.23,ESP
1998,110.86,77.9,ESP
1999,116.23,80.09,ESP
2000,121.86,85.49,ESP
2001,125.04,89.59,ESP
2002,128.76,90.92,ESP
2003,133.2,96.03,ESP
2004,139,99.38,ESP
2005,141.93,102.06,ESP
2006,141.81,99.35,ESP
2007,143.82,101.75,ESP
2008,139.07,98,ESP
2009,127.85,90.94,ESP
2010,127.75,92.24,ESP
2011,125.72,88.84,ESP
2012,125.51,84.66,ESP
2013,117.11,81.09,ESP
2014,114.56,78.64,ESP
2015,118.92,79.77,ESP
2016,119.04,NA,ESP
1960,NA,NA,EST
1961,NA,NA,EST
1962,NA,NA,EST
1963,NA,NA,EST
1964,NA,NA,EST
1965,NA,NA,EST
1966,NA,NA,EST
1967,NA,NA,EST
1968,NA,NA,EST
1969,NA,NA,EST
1970,NA,NA,EST
1971,NA,NA,EST
1972,NA,NA,EST
1973,NA,NA,EST
1974,NA,NA,EST
1975,NA,NA,EST
1976,NA,NA,EST
1977,NA,NA,EST
1978,NA,NA,EST
1979,NA,NA,EST
1980,NA,NA,EST
1981,NA,NA,EST
1982,NA,NA,EST
1983,NA,NA,EST
1984,NA,NA,EST
1985,NA,NA,EST
1986,NA,NA,EST
1987,NA,NA,EST
1988,NA,NA,EST
1989,NA,NA,EST
1990,9.78,5.85,EST
1991,9.12,5.54,EST
1992,6.57,3.57,EST
1993,5.44,2.99,EST
1994,5.49,3.01,EST
1995,5.21,2.7,EST
1996,5.72,3.14,EST
1997,5.61,3.06,EST
1998,5.12,2.83,EST
1999,4.81,2.57,EST
2000,4.71,2.58,EST
2001,4.92,2.82,EST
2002,4.71,2.73,EST
2003,5.21,2.86,EST
2004,5.3,2.99,EST
2005,5.21,3.05,EST
2006,5.08,3.06,EST
2007,5.69,3.26,EST
2008,5.49,3.23,EST
2009,4.87,2.84,EST
2010,5.62,2.96,EST
2011,5.63,2.87,EST
2012,5.52,2.93,EST
2013,6.09,3.01,EST
2014,5.99,2.89,EST
2015,5.42,2.84,EST
2016,5.97,NA,EST
1960,9.73,9.32,FIN
1961,10.05,9.51,FIN
1962,10.61,10.17,FIN
1963,11.21,10.71,FIN
1964,12.18,11.51,FIN
1965,13.18,12.57,FIN
1966,14.04,13.31,FIN
1967,14.4,13.56,FIN
1968,15.46,14.3,FIN
1969,16.96,15.25,FIN
1970,17.84,16.06,FIN
1971,18.17,16.25,FIN
1972,19.43,17.83,FIN
1973,21.03,19.19,FIN
1974,20.56,18.22,FIN
1975,19.7,17.38,FIN
1976,21.08,18.06,FIN
1977,21.4,18.12,FIN
1978,22.17,18.83,FIN
1979,23.65,19.59,FIN
1980,24.6,19.34,FIN
1981,23.69,19.22,FIN
1982,23.2,18.91,FIN
1983,23.42,19.24,FIN
1984,23.97,18.94,FIN
1985,25.83,18.99,FIN
1986,26.96,19.89,FIN
1987,29.4,21.3,FIN
1988,27.65,21.34,FIN
1989,28.56,22.03,FIN
1990,28.38,22.32,FIN
1991,28.79,22.14,FIN
1992,27.13,22.17,FIN
1993,28.46,22.08,FIN
1994,30.39,23.23,FIN
1995,28.92,22.38,FIN
1996,31.11,22.77,FIN
1997,32.26,23.43,FIN
1998,32.57,24.3,FIN
1999,32.46,24.37,FIN
2000,32.39,24.45,FIN
2001,33.23,24.82,FIN
2002,34.96,25.56,FIN
2003,36.87,25.9,FIN
2004,37.27,26.12,FIN
2005,34.39,25.3,FIN
2006,37.42,26.52,FIN
2007,36.86,26.62,FIN
2008,35.41,25.73,FIN
2009,33.45,24.11,FIN
2010,36.6,26.45,FIN
2011,35.19,25.01,FIN
2012,33.96,25.17,FIN
2013,33.29,24.79,FIN
2014,34.11,24.67,FIN
2015,32.49,24.35,FIN
2016,33.86,NA,FIN
1960,79.22,58.35,FRA
1961,82.44,60.66,FRA
1962,89.15,66.27,FRA
1963,96.36,73.97,FRA
1964,102.65,76.17,FRA
1965,105.11,79.99,FRA
1966,106.85,81.82,FRA
1967,114.15,87.44,FRA
1968,120.77,93.94,FRA
1969,130.8,101.21,FRA
1970,153.35,121.69,FRA
1971,158.57,125.61,FRA
1972,167.39,132.97,FRA
1973,180.14,142.22,FRA
1974,174.35,136.07,FRA
1975,164.96,129.28,FRA
1976,176.09,134.04,FRA
1977,172.82,134.7,FRA
1978,184.28,143.66,FRA
1979,191.98,146.6,FRA
1980,191.77,141.29,FRA
1981,187.31,134.3,FRA
1982,182.77,129.52,FRA
1983,187.54,132.16,FRA
1984,194.28,134.4,FRA
1985,203.82,136.89,FRA
1986,206.99,138.53,FRA
1987,212.15,140.94,FRA
1988,211.24,139.83,FRA
1989,219.94,141.88,FRA
1990,224.01,143.16,FRA
1991,236.76,153.49,FRA
1992,232.7,154.35,FRA
1993,236.54,150.87,FRA
1994,227.59,149.45,FRA
1995,237.06,152.51,FRA
1996,250.48,158.46,FRA
1997,242.81,157.19,FRA
1998,249.87,161.3,FRA
1999,249.46,161.82,FRA
2000,251.9,163.21,FRA
2001,260.52,168.82,FRA
2002,261.16,164.89,FRA
2003,265.84,168.18,FRA
2004,269.74,169.8,FRA
2005,270.86,168.59,FRA
2006,266.5,166.42,FRA
2007,263.46,163.94,FRA
2008,264.62,164.11,FRA
2009,253.23,156.67,FRA
2010,261.21,161.38,FRA
2011,251.84,149.24,FRA
2012,252.37,153.67,FRA
2013,253.19,156.46,FRA
2014,242.72,145.63,FRA
2015,246.51,147.83,FRA
2016,241.19,NA,FRA
1960,158.93,109.29,GBR
1961,158.76,108.09,GBR
1962,164.4,112.42,GBR
1963,171.51,116.54,GBR
1964,173.48,116.97,GBR
1965,180.95,120.24,GBR
1966,180.71,118.55,GBR
1967,183.82,121.53,GBR
1968,188.06,126.84,GBR
1969,197.21,130.93,GBR
1970,205.12,134.89,GBR
1971,208.68,134.43,GBR
1972,210.21,135.86,GBR
1973,218.07,143.23,GBR
1974,210.01,138.19,GBR
1975,199.37,133.21,GBR
1976,203.32,134.97,GBR
1977,207.66,137.97,GBR
1978,206.55,137.64,GBR
1979,217.06,143.84,GBR
1980,198.43,131.28,GBR
1981,192.4,129.09,GBR
1982,191.3,128.19,GBR
1983,190.29,127.58,GBR
1984,190.17,127.59,GBR
1985,200.8,133.2,GBR
1986,203.94,137.14,GBR
1987,205.57,138.55,GBR
1988,207.39,140.86,GBR
1989,206.98,139.25,GBR
1990,205.92,138.16,GBR
1991,212.93,143.93,GBR
1992,212.17,141.91,GBR
1993,214.32,144.05,GBR
1994,215.99,144.35,GBR
1995,216.35,143.89,GBR
1996,225.68,151.45,GBR
1997,219.31,147.68,GBR
1998,221.5,148.07,GBR
1999,222.06,150.73,GBR
2000,222.95,150.73,GBR
2001,223.79,150.82,GBR
2002,220.64,147.94,GBR
2003,224.49,149.77,GBR
2004,221.78,150.31,GBR
2005,222.84,148.71,GBR
2006,219.09,146,GBR
2007,211.14,142.22,GBR
2008,208.39,142.01,GBR
2009,196.51,132.16,GBR
2010,203.78,138.21,GBR
2011,188.89,126.26,GBR
2012,193.96,129.22,GBR
2013,190.99,129.72,GBR
2014,179.89,122.45,GBR
2015,180.75,125.29,GBR
2016,177.68,NA,GBR
1960,2.41,1.91,GRC
1961,2.71,2.16,GRC
1962,2.96,2.34,GRC
1963,3.12,2.48,GRC
1964,3.69,2.95,GRC
1965,4.09,3.22,GRC
1966,4.71,3.68,GRC
1967,5.28,3.88,GRC
1968,5.7,4.19,GRC
1969,6.36,4.83,GRC
1970,7.67,6.1,GRC
1971,8.69,6.76,GRC
1972,10.09,7.68,GRC
1973,11.81,8.53,GRC
1974,11.26,7.85,GRC
1975,11.74,8.16,GRC
1976,12.74,9.15,GRC
1977,13.68,9.39,GRC
1978,14.38,10.24,GRC
1979,15.26,10.66,GRC
1980,14.98,10.7,GRC
1981,14.65,10.34,GRC
1982,15.05,10.72,GRC
1983,15.75,11.12,GRC
1984,16.36,11.63,GRC
1985,17.55,11.95,GRC
1986,16.68,11.75,GRC
1987,17.92,12.53,GRC
1988,19.1,13.2,GRC
1989,21.12,13.98,GRC
1990,21.44,14.49,GRC
1991,21.62,14.81,GRC
1992,22.15,14.8,GRC
1993,21.87,14.75,GRC
1994,22.48,14.86,GRC
1995,22.68,15.35,GRC
1996,23.4,16.5,GRC
1997,24.33,17.01,GRC
1998,25.62,18,GRC
1999,25.72,17.81,GRC
2000,27.09,18.45,GRC
2001,28,19.1,GRC
2002,28.32,19.5,GRC
2003,29.14,20.57,GRC
2004,29.7,20.39,GRC
2005,30.25,20.79,GRC
2006,30.22,21.38,GRC
2007,30.21,21.8,GRC
2008,30.41,21.18,GRC
2009,29.43,20.58,GRC
2010,27.6,19.43,GRC
2011,26.74,19.01,GRC
2012,26.55,17.07,GRC
2013,23.33,15.26,GRC
2014,23.13,15.45,GRC
2015,23.19,16.38,GRC
2016,22.91,NA,GRC
1960,NA,NA,HUN
1961,NA,NA,HUN
1962,NA,NA,HUN
1963,NA,NA,HUN
1964,NA,NA,HUN
1965,14.48,10.85,HUN
1966,14.74,11.33,HUN
1967,15.08,11.67,HUN
1968,15.46,11.97,HUN
1969,16.56,12.78,HUN
1970,17.89,13.98,HUN
1971,19.04,14.8,HUN
1972,19.55,15.23,HUN
1973,21.27,16.53,HUN
1974,22.03,17.14,HUN
1975,22.91,17.69,HUN
1976,24.5,18.75,HUN
1977,25.86,19.76,HUN
1978,28.57,21.55,HUN
1979,28.24,21.55,HUN
1980,28.34,21.57,HUN
1981,28.17,21.34,HUN
1982,28.16,21.3,HUN
1983,27.73,20.76,HUN
1984,28.78,21.57,HUN
1985,29.76,21.97,HUN
1986,29.63,21.56,HUN
1987,30.72,22.32,HUN
1988,30.35,21.76,HUN
1989,30.13,21.79,HUN
1990,28.78,20.69,HUN
1991,27.42,19.45,HUN
1992,25.13,17.09,HUN
1993,25.7,17.02,HUN
1994,24.88,17.07,HUN
1995,25.85,17.25,HUN
1996,26.53,17.7,HUN
1997,26.01,17.08,HUN
1998,25.69,17.29,HUN
1999,25.5,17.19,HUN
2000,25,17.22,HUN
2001,25.6,17.85,HUN
2002,25.6,18.07,HUN
2003,26.14,18.62,HUN
2004,26.07,18.67,HUN
2005,27.55,19.97,HUN
2006,27.33,19.71,HUN
2007,26.73,18.75,HUN
2008,26.47,18.62,HUN
2009,24.84,17.87,HUN
2010,26.51,18.97,HUN
2011,25.93,18.74,HUN
2012,24.7,17.76,HUN
2013,23.89,17.85,HUN
2014,23.83,17.76,HUN
2015,25.21,18.87,HUN
2016,25.6,NA,HUN
1960,NA,NA,IND
1961,NA,NA,IND
1962,NA,NA,IND
1963,NA,NA,IND
1964,NA,NA,IND
1965,NA,NA,IND
1966,NA,NA,IND
1967,NA,NA,IND
1968,NA,NA,IND
1969,NA,NA,IND
1970,NA,NA,IND
1971,151.82,137.32,IND
1972,155.33,140.78,IND
1973,159.76,143.35,IND
1974,166.03,146.81,IND
1975,171.92,152.34,IND
1976,178.82,157.67,IND
1977,183.95,162.11,IND
1978,186.49,166.35,IND
1979,195.02,171.92,IND
1980,200.02,173.58,IND
1981,210.14,181.49,IND
1982,218.27,186.76,IND
1983,225.35,191.13,IND
1984,234.7,200.92,IND
1985,246.99,204.04,IND
1986,255.72,212.36,IND
1987,265.48,217.4,IND
1988,279.93,227.88,IND
1989,293.12,236.86,IND
1990,305.71,243.19,IND
1991,318.51,250.99,IND
1992,330.15,256.73,IND
1993,338.05,259.01,IND
1994,351.03,269.23,IND
1995,371.2,278.28,IND
1996,382.56,283.99,IND
1997,397.74,295.46,IND
1998,407.28,297.32,IND
1999,430.76,307.1,IND
2000,440.9,315.33,IND
2001,447.22,315.35,IND
2002,460.58,326.77,IND
2003,471.61,331.23,IND
2004,496.7,346.04,IND
2005,516.16,361.1,IND
2006,543.28,379.97,IND
2007,573.98,400.59,IND
2008,602.21,423.29,IND
2009,663.21,457.21,IND
2010,693.22,480.51,IND
2011,722.64,501,IND
2012,758.37,516.01,IND
2013,776.37,533.38,IND
2014,826.19,556.04,IND
2015,851.13,577.68,IND
2016,NA,NA,IND
1960,3.73,2.64,IRL
1961,3.94,2.94,IRL
1962,4.01,2.95,IRL
1963,4.15,2.97,IRL
1964,4.36,3.2,IRL
1965,4.35,3.26,IRL
1966,4.71,3.59,IRL
1967,5.13,3.87,IRL
1968,5.48,4.11,IRL
1969,5.79,4.34,IRL
1970,5.98,4.55,IRL
1971,6.72,5.02,IRL
1972,6.66,5.02,IRL
1973,6.91,5.11,IRL
1974,7.12,5.35,IRL
1975,6.65,4.98,IRL
1976,6.83,5.18,IRL
1977,7.23,5.63,IRL
1978,7.25,5.54,IRL
1979,8.55,6.63,IRL
1980,8.24,6.34,IRL
1981,8.26,6.5,IRL
1982,8.22,6.26,IRL
1983,8.2,6.21,IRL
1984,8.29,6.2,IRL
1985,8.63,6.46,IRL
1986,8.86,6.78,IRL
1987,9.24,6.97,IRL
1988,9.14,6.73,IRL
1989,9.32,7.04,IRL
1990,9.91,7.55,IRL
1991,9.99,7.7,IRL
1992,9.88,7.61,IRL
1993,10.06,7.68,IRL
1994,10.56,8.03,IRL
1995,10.65,8.1,IRL
1996,11.36,8.49,IRL
1997,11.96,8.87,IRL
1998,12.69,9.52,IRL
1999,13.31,10.02,IRL
2000,13.8,10.76,IRL
2001,14.36,10.97,IRL
2002,14.4,10.94,IRL
2003,14.05,11,IRL
2004,14.48,11.4,IRL
2005,14.57,12.18,IRL
2006,14.63,12.69,IRL
2007,15.02,12.28,IRL
2008,14.79,12.54,IRL
2009,14.28,11.47,IRL
2010,14.37,11.45,IRL
2011,13.12,10.42,IRL
2012,13.12,10.23,IRL
2013,13.02,10.3,IRL
2014,12.75,10.14,IRL
2015,13.26,10.49,IRL
2016,13.75,NA,IRL
1960,0.54,0.51,ISL
1961,0.52,0.51,ISL
1962,0.55,0.56,ISL
1963,0.61,0.58,ISL
1964,0.62,0.61,ISL
1965,0.66,0.65,ISL
1966,0.71,0.7,ISL
1967,0.71,0.69,ISL
1968,0.79,0.73,ISL
1969,0.72,0.71,ISL
1970,0.87,0.78,ISL
1971,0.9,0.84,ISL
1972,0.92,0.9,ISL
1973,1.12,1.02,ISL
1974,1.1,1.04,ISL
1975,1.11,1.05,ISL
1976,1.12,1.07,ISL
1977,1.24,1.11,ISL
1978,1.28,1.17,ISL
1979,1.47,1.28,ISL
1980,1.5,1.28,ISL
1981,1.66,1.35,ISL
1982,1.65,1.35,ISL
1983,1.72,1.4,ISL
1984,1.8,1.45,ISL
1985,1.77,1.42,ISL
1986,1.85,1.46,ISL
1987,1.93,1.47,ISL
1988,1.97,1.58,ISL
1989,2.02,1.61,ISL
1990,2.27,1.36,ISL
1991,2.08,1.34,ISL
1992,2.02,1.38,ISL
1993,2.18,1.41,ISL
1994,2.21,1.45,ISL
1995,2.21,1.45,ISL
1996,2.38,1.52,ISL
1997,2.33,1.53,ISL
1998,2.48,1.59,ISL
1999,2.78,1.67,ISL
2000,3.12,1.77,ISL
2001,3.02,1.79,ISL
2002,3.11,1.86,ISL
2003,3.11,1.85,ISL
2004,3.07,1.91,ISL
2005,3.12,1.92,ISL
2006,3.87,2.05,ISL
2007,4.59,2.22,ISL
2008,5.19,2.56,ISL
2009,5.39,2.58,ISL
2010,5.41,2.53,ISL
2011,5.79,2.53,ISL
2012,5.65,2.61,ISL
2013,5.89,2.7,ISL
2014,5.86,2.74,ISL
2015,5.58,2.85,ISL
2016,6.37,NA,ISL
1960,NA,NA,ISR
1961,NA,NA,ISR
1962,NA,NA,ISR
1963,NA,NA,ISR
1964,NA,NA,ISR
1965,NA,NA,ISR
1966,NA,NA,ISR
1967,NA,NA,ISR
1968,NA,NA,ISR
1969,NA,NA,ISR
1970,NA,NA,ISR
1971,5.74,3.29,ISR
1972,5.53,3.47,ISR
1973,7.76,3.61,ISR
1974,5.85,3.65,ISR
1975,7.02,3.89,ISR
1976,6.47,3.9,ISR
1977,6.45,3.93,ISR
1978,6.82,4.25,ISR
1979,7.59,4.44,ISR
1980,7.82,4.51,ISR
1981,7.28,4.63,ISR
1982,7.89,4.72,ISR
1983,7.36,4.84,ISR
1984,7.6,4.79,ISR
1985,7.57,5.06,ISR
1986,9.04,5.75,ISR
1987,9.95,6.3,ISR
1988,10.89,6.6,ISR
1989,11.24,6.7,ISR
1990,11.47,6.97,ISR
1991,11.5,7.15,ISR
1992,13.22,7.26,ISR
1993,13.86,8.24,ISR
1994,14.78,8.87,ISR
1995,15.51,9.8,ISR
1996,15.94,10.2,ISR
1997,16.81,10.55,ISR
1998,17.23,10.71,ISR
1999,16.77,10.96,ISR
2000,18.23,11.98,ISR
2001,19.14,11.72,ISR
2002,18.81,11.53,ISR
2003,19.73,12.04,ISR
2004,19.21,12.66,ISR
2005,18.44,11.95,ISR
2006,20.33,12.47,ISR
2007,20.81,13.09,ISR
2008,22.87,13.86,ISR
2009,21.51,13.92,ISR
2010,23.19,14.83,ISR
2011,23.14,14.08,ISR
2012,23.46,13.92,ISR
2013,22.37,13.16,ISR
2014,21.46,13.2,ISR
2015,22.98,13.82,ISR
2016,22.32,NA,ISR
1960,39.9,31.55,ITA
1961,45.01,34.78,ITA
1962,51.24,39.15,ITA
1963,57.39,44.82,ITA
1964,63.13,47.55,ITA
1965,68.6,51.8,ITA
1966,75.16,57.83,ITA
1967,82.08,63.38,ITA
1968,90.42,68.46,ITA
1969,98.11,74.81,ITA
1970,109.05,82.5,ITA
1971,105.4,86.29,ITA
1972,111.52,91.62,ITA
1973,119.12,96.56,ITA
1974,121.92,97.06,ITA
1975,116.76,93.03,ITA
1976,126.15,99.75,ITA
1977,123.34,97.81,ITA
1978,126.21,99.29,ITA
1979,131.79,104.48,ITA
1980,130.84,102.23,ITA
1981,128.03,98.91,ITA
1982,124.77,96.62,ITA
1983,124.66,96.85,ITA
1984,127.51,100.57,ITA
1985,129.3,100.66,ITA
1986,130.82,101.65,ITA
1987,136.26,107.03,ITA
1988,139.47,109.88,ITA
1989,145.43,113.67,ITA
1990,146.56,114.94,ITA
1991,150.16,117.42,ITA
1992,149.23,117.39,ITA
1993,148.44,117.07,ITA
1994,146.57,115.61,ITA
1995,159.13,120.51,ITA
1996,158.99,121.75,ITA
1997,161.25,123.03,ITA
1998,165.77,126.1,ITA
1999,168.32,129.18,ITA
2000,171.52,128.83,ITA
2001,172.1,131.7,ITA
2002,173.3,132.02,ITA
2003,181.6,138.05,ITA
2004,182.86,137.94,ITA
2005,186.35,141.28,ITA
2006,184.65,139.84,ITA
2007,184.06,138.67,ITA
2008,181.63,138.51,ITA
2009,169.6,130.79,ITA
2010,173.72,133.74,ITA
2011,167.95,127.82,ITA
2012,161.32,125.41,ITA
2013,155.37,121.01,ITA
2014,146.77,116.57,ITA
2015,152.6,119.21,ITA
2016,149.04,NA,ITA
1960,80.84,56.98,JPN
1961,91.42,64.55,JPN
1962,96.19,69.49,JPN
1963,110.03,79.35,JPN
1964,123.31,91.6,JPN
1965,134.64,98.93,JPN
1966,147.39,115.33,JPN
1967,173.3,134.47,JPN
1968,195.9,150.22,JPN
1969,226.32,174.62,JPN
1970,256.52,185.49,JPN
1971,267.53,199.26,JPN
1972,285.88,212.56,JPN
1973,320.37,233.98,JPN
1974,322.14,229.67,JPN
1975,305.05,218.73,JPN
1976,324.42,230.97,JPN
1977,330.19,233.89,JPN
1978,333.01,239.09,JPN
1979,352.71,247.51,JPN
1980,344.52,231.89,JPN
1981,336.99,226.09,JPN
1982,336.47,224.23,JPN
1983,336.77,228.32,JPN
1984,362.19,241.16,JPN
1985,362.89,241.24,JPN
1986,366.97,244.35,JPN
1987,371.66,251.2,JPN
1988,397.59,266.19,JPN
1989,412.53,275.75,JPN
1990,438.59,287.02,JPN
1991,442.99,291.32,JPN
1992,453.37,295.3,JPN
1993,456.29,297.98,JPN
1994,481.11,306.81,JPN
1995,493.68,317.96,JPN
1996,503.99,323.27,JPN
1997,509.35,324.01,JPN
1998,499.94,318.13,JPN
1999,507.88,327.26,JPN
2000,517.91,328.23,JPN
2001,509.58,324.34,JPN
2002,508.66,329.59,JPN
2003,504.82,325.84,JPN
2004,520.96,329.67,JPN
2005,519.07,329.17,JPN
2006,518.2,329.48,JPN
2007,513.54,326.07,JPN
2008,494.09,303.18,JPN
2009,470.93,299.38,JPN
2010,498.53,308.88,JPN
2011,461.5,302.17,JPN
2012,451.38,301.43,JPN
2013,454.61,302.78,JPN
2014,439.23,294.49,JPN
2015,429.79,291.41,JPN
2016,423.76,NA,JPN
1960,NA,NA,KOR
1961,NA,NA,KOR
1962,NA,NA,KOR
1963,NA,NA,KOR
1964,NA,NA,KOR
1965,NA,NA,KOR
1966,NA,NA,KOR
1967,NA,NA,KOR
1968,NA,NA,KOR
1969,NA,NA,KOR
1970,NA,NA,KOR
1971,16.97,13.6,KOR
1972,18.47,13.87,KOR
1973,21.56,17.49,KOR
1974,23.43,18.11,KOR
1975,24.46,18.85,KOR
1976,27.18,21.06,KOR
1977,31.53,24.53,KOR
1978,34.58,27.11,KOR
1979,39.92,30.49,KOR
1980,41.26,31.29,KOR
1981,40.52,31.26,KOR
1982,43.08,30.71,KOR
1983,46.65,33.19,KOR
1984,50.79,36.17,KOR
1985,53.13,38.23,KOR
1986,60.89,41.71,KOR
1987,65.75,45.3,KOR
1988,74.02,50.25,KOR
1989,78.84,53.9,KOR
1990,92.91,64.91,KOR
1991,99.87,72,KOR
1992,110.87,81.34,KOR
1993,124.37,89.28,KOR
1994,132.07,96.46,KOR
1995,144.75,104.68,KOR
1996,157.28,111.71,KOR
1997,171.23,118.59,KOR
1998,156.34,106.56,KOR
1999,172.89,117.99,KOR
2000,188.16,127.11,KOR
2001,191.06,129.5,KOR
2002,198.7,135.39,KOR
2003,202.75,137.72,KOR
2004,208.33,138.46,KOR
2005,210.29,140.45,KOR
2006,213.74,142.11,KOR
2007,222.24,147.1,KOR
2008,227.11,146.9,KOR
2009,229.27,147.84,KOR
2010,250.02,157.69,KOR
2011,260.5,161.53,KOR
2012,263.47,165.72,KOR
2013,263.83,167.84,KOR
2014,268.43,170.29,KOR
2015,272.69,174.21,KOR
2016,284.32,NA,KOR
1990,7.89,6.42,LVA
1991,7.42,6.2,LVA
1992,6.12,5.16,LVA
1993,5.28,4.48,LVA
1994,4.77,4.07,LVA
1995,4.6,3.86,LVA
1996,4.52,3.8,LVA
1997,4.43,3.75,LVA
1998,4.33,3.64,LVA
1999,3.98,3.44,LVA
2000,3.83,3.3,LVA
2001,4.11,3.61,LVA
2002,4.07,3.66,LVA
2003,4.32,3.84,LVA
2004,4.44,3.94,LVA
2005,4.53,4.06,LVA
2006,4.69,4.23,LVA
2007,4.8,4.39,LVA
2008,4.59,4.17,LVA
2009,4.4,4.01,LVA
2010,4.51,4.07,LVA
2011,4.26,3.85,LVA
2012,4.42,4,LVA
2013,4.34,3.84,LVA
2014,4.34,3.87,LVA
2015,4.26,3.79,LVA
1960,3.3,1.64,LUX
1961,3.34,1.69,LUX
1962,3.34,1.78,LUX
1963,3.39,1.75,LUX
1964,3.65,1.87,LUX
1965,3.62,2.12,LUX
1966,3.5,2.07,LUX
1967,3.47,2.14,LUX
1968,3.73,2.31,LUX
1969,4.04,2.53,LUX
1970,4.11,2.48,LUX
1971,4.06,2.45,LUX
1972,4.16,2.56,LUX
1973,4.43,2.87,LUX
1974,4.62,2.92,LUX
1975,3.77,2.55,LUX
1976,3.85,2.79,LUX
1977,3.71,2.71,LUX
1978,4.02,3.02,LUX
1979,3.79,2.85,LUX
1980,3.56,2.71,LUX
1981,3.11,2.41,LUX
1982,2.95,2.35,LUX
1983,2.77,2.21,LUX
1984,2.97,2.33,LUX
1985,3.06,2.43,LUX
1986,3.01,2.39,LUX
1987,2.94,2.4,LUX
1988,3.05,2.47,LUX
1989,3.28,2.68,LUX
1990,3.39,2.78,LUX
1991,3.62,3,LUX
1992,3.63,3.03,LUX
1993,3.68,3.1,LUX
1994,3.56,3.04,LUX
1995,3.15,2.8,LUX
1996,3.19,2.89,LUX
1997,3.11,2.9,LUX
1998,3,2.91,LUX
1999,3.13,3.04,LUX
2000,3.35,3.25,LUX
2001,3.52,3.4,LUX
2002,3.66,3.39,LUX
2003,3.86,3.62,LUX
2004,4.3,4.03,LUX
2005,4.39,4.09,LUX
2006,4.33,4.05,LUX
2007,4.21,3.95,LUX
2008,4.21,3.98,LUX
2009,3.96,3.7,LUX
2010,4.22,3.94,LUX
2011,4.18,3.93,LUX
2012,4.1,3.85,LUX
2013,3.97,3.8,LUX
2014,3.82,3.64,LUX
2015,3.73,3.57,LUX
2016,3.68,NA,LUX
1960,NA,NA,MEX
1961,NA,NA,MEX
1962,NA,NA,MEX
1963,NA,NA,MEX
1964,NA,NA,MEX
1965,NA,NA,MEX
1966,NA,NA,MEX
1967,NA,NA,MEX
1968,NA,NA,MEX
1969,NA,NA,MEX
1970,NA,NA,MEX
1971,42.97,34.33,MEX
1972,47.54,37.18,MEX
1973,52.56,39.74,MEX
1974,55.94,42.52,MEX
1975,59.14,46.13,MEX
1976,63.29,49.41,MEX
1977,68.44,50.89,MEX
1978,76.53,56.42,MEX
1979,83.96,61.13,MEX
1980,95.11,65.92,MEX
1981,101.56,72.95,MEX
1982,106.29,75.29,MEX
1983,100.07,74.54,MEX
1984,104.56,76.06,MEX
1985,108.61,79.07,MEX
1986,105.67,76.28,MEX
1987,111.13,80.05,MEX
1988,112.49,80.33,MEX
1989,117.51,84.09,MEX
1990,123.68,83.32,MEX
1991,129.85,86.12,MEX
1992,130.93,86.29,MEX
1993,133.13,86.36,MEX
1994,136.13,90.34,MEX
1995,131.78,87.02,MEX
1996,134.68,88.64,MEX
1997,141.73,89.33,MEX
1998,145.68,91.88,MEX
1999,149.89,91.93,MEX
2000,150.81,95.27,MEX
2001,155.27,93.01,MEX
2002,156.91,93.57,MEX
2003,168.14,97.35,MEX
2004,171.2,102.16,MEX
2005,180.58,105.99,MEX
2006,183.55,111.19,MEX
2007,182.77,113.51,MEX
2008,183.82,116.91,MEX
2009,179.89,110.93,MEX
2010,178.52,117.25,MEX
2011,186.92,120.32,MEX
2012,191.71,119.24,MEX
2013,191.9,119.57,MEX
2014,188.16,118.72,MEX
2015,187.37,119.81,MEX
2016,183.01,NA,MEX
1960,20.97,14.34,NLD
1961,21.87,15.05,NLD
1962,24.57,17.63,NLD
1963,27.14,20.08,NLD
1964,28.49,20.78,NLD
1965,30.65,22.3,NLD
1966,32.46,23.35,NLD
1967,34.81,25.16,NLD
1968,38.73,28.1,NLD
1969,43.31,31.48,NLD
1970,49.1,35.83,NLD
1971,50.87,37.57,NLD
1972,58.39,44.44,NLD
1973,62,47.65,NLD
1974,60.97,46.15,NLD
1975,59.02,45.82,NLD
1976,65.33,51.54,NLD
1977,63.19,49.89,NLD
1978,65,53.91,NLD
1979,68.35,58.16,NLD
1980,64.36,54.31,NLD
1981,60.83,52.54,NLD
1982,54.18,45.45,NLD
1983,56.55,48.04,NLD
1984,59.83,49.18,NLD
1985,60.64,50.53,NLD
1986,62.91,54.94,NLD
1987,64.35,52.89,NLD
1988,63.78,48.59,NLD
1989,64.2,48.43,NLD
1990,67.2,54.56,NLD
1991,69.77,56.54,NLD
1992,69.21,55.84,NLD
1993,70.6,56.87,NLD
1994,71.03,57.36,NLD
1995,73.85,58.41,NLD
1996,77.62,62.37,NLD
1997,75.48,60.13,NLD
1998,76.05,59.94,NLD
1999,74.86,59.86,NLD
2000,75.43,60,NLD
2001,77.7,61.01,NLD
2002,78.6,61.8,NLD
2003,81.57,64.18,NLD
2004,82.77,65.1,NLD
2005,81.39,64.52,NLD
2006,80.53,64.13,NLD
2007,80.43,63.16,NLD
2008,79.74,62.73,NLD
2009,78.05,61.16,NLD
2010,83.48,65.97,NLD
2011,77.42,60.81,NLD
2012,77.82,61.18,NLD
2013,77.34,61.27,NLD
2014,72.93,56.75,NLD
2015,73.83,56.55,NLD
2016,75.21,NA,NLD
1960,6.83,6.4,NOR
1961,6.99,6.61,NOR
1962,7.47,7.07,NOR
1963,8,7.61,NOR
1964,8.57,8.07,NOR
1965,9.46,8.8,NOR
1966,10.17,9.58,NOR
1967,10.66,9.94,NOR
1968,11.65,10.89,NOR
1969,12.29,11.54,NOR
1970,13.25,12.41,NOR
1971,13.33,12.42,NOR
1972,13.78,12.83,NOR
1973,14.29,13.36,NOR
1974,14.27,13.28,NOR
1975,14.63,13.37,NOR
1976,15.95,14.38,NOR
1977,16.42,14.62,NOR
1978,17.7,15.19,NOR
1979,18.19,16.49,NOR
1980,18.35,15.98,NOR
1981,18.1,15.73,NOR
1982,17.54,15.35,NOR
1983,18.28,15.7,NOR
1984,19.34,16.75,NOR
1985,20,17.3,NOR
1986,20.94,17.44,NOR
1987,21.14,17.85,NOR
1988,20.28,17.62,NOR
1989,21.07,17.35,NOR
1990,21.07,17.44,NOR
1991,21.76,17.23,NOR
1992,22.12,17.03,NOR
1993,23.54,17.52,NOR
1994,23.05,17.91,NOR
1995,23.5,18.59,NOR
1996,22.79,18.92,NOR
1997,24.12,18.85,NOR
1998,25.19,19.59,NOR
1999,26.38,19.81,NOR
2000,26.16,19.8,NOR
2001,26.88,20.38,NOR
2002,24.96,19.98,NOR
2003,27.08,20.22,NOR
2004,26.49,20.49,NOR
2005,26.83,20.45,NOR
2006,27.19,20.41,NOR
2007,27.61,20.87,NOR
2008,32.2,20.96,NOR
2009,31.31,20.03,NOR
2010,33.9,21.32,NOR
2011,27.98,20.45,NOR
2012,29.64,20.53,NOR
2013,32.61,20.68,NOR
2014,27.8,20.17,NOR
2015,29.62,20.55,NOR
2016,28.38,NA,NOR
1960,4,3.36,NZL
1961,4.27,3.53,NZL
1962,4.45,3.55,NZL
1963,4.87,3.73,NZL
1964,5.63,4.04,NZL
1965,5.89,4.3,NZL
1966,6.12,4.48,NZL
1967,5.96,4.46,NZL
1968,6.37,4.7,NZL
1969,6.58,4.78,NZL
1970,6.91,5.08,NZL
1971,6.83,5.09,NZL
1972,7.6,5.69,NZL
1973,7.88,5.83,NZL
1974,8.72,6.37,NZL
1975,8.55,6.5,NZL
1976,9.11,6.71,NZL
1977,9.53,6.79,NZL
1978,9.46,6.78,NZL
1979,8.81,6.65,NZL
1980,8.98,6.91,NZL
1981,8.91,6.84,NZL
1982,9.51,7.04,NZL
1983,9.84,7.21,NZL
1984,10.49,7.89,NZL
1985,11.2,7.95,NZL
1986,11.25,8.05,NZL
1987,11.31,8.27,NZL
1988,11.85,8.77,NZL
1989,12.69,8.94,NZL
1990,12.84,9.72,NZL
1991,13.16,9.85,NZL
1992,13.45,10,NZL
1993,14.17,10.29,NZL
1994,14.68,10.89,NZL
1995,14.89,11.39,NZL
1996,15.42,11.72,NZL
1997,16.11,11.88,NZL
1998,15.89,11.77,NZL
1999,16.53,12.27,NZL
2000,17.1,12.95,NZL
2001,17.12,12.93,NZL
2002,17.14,13.51,NZL
2003,16.92,12.82,NZL
2004,17.37,13.22,NZL
2005,16.94,12.55,NZL
2006,16.94,12.69,NZL
2007,17.13,12.74,NZL
2008,17.4,12.7,NZL
2009,17.54,12.55,NZL
2010,18.38,12.93,NZL
2011,18.33,12.73,NZL
2012,19.19,12.86,NZL
2013,19.32,13.26,NZL
2014,20.49,14.2,NZL
2015,20.63,14.08,NZL
2016,20.52,NA,NZL
1960,54.18,36.59,POL
1961,56.75,38.08,POL
1962,59.92,40.42,POL
1963,60.93,41.06,POL
1964,63.25,42.36,POL
1965,65.66,43.89,POL
1966,67.82,44.87,POL
1967,70.34,46.4,POL
1968,73.96,48.08,POL
1969,79.36,52.03,POL
1970,83.29,54.96,POL
1971,86.12,55.91,POL
1972,89.04,58.13,POL
1973,92.88,60.55,POL
1974,97.07,63.09,POL
1975,103.05,66.68,POL
1976,108.5,70.71,POL
1977,112.8,72.78,POL
1978,121.97,75.23,POL
1979,125.67,76.01,POL
1980,126.62,78.01,POL
1981,116.5,73.35,POL
1982,123.64,73.67,POL
1983,122.55,72.35,POL
1984,118.52,74.65,POL
1985,124.7,77.3,POL
1986,129.76,80.57,POL
1987,133.17,83.07,POL
1988,132.31,82.21,POL
1989,124.01,77.27,POL
1990,103.11,61.43,POL
1991,101.01,61.72,POL
1992,98.56,60.31,POL
1993,100.95,64.91,POL
1994,96.21,62.85,POL
1995,99.48,64.52,POL
1996,103.52,68.51,POL
1997,102.16,67.17,POL
1998,95.11,62.27,POL
1999,92.66,60.57,POL
2000,88.77,57.77,POL
2001,89.36,57.88,POL
2002,88.47,57.27,POL
2003,90.74,59.24,POL
2004,90.99,60.98,POL
2005,92.14,61.86,POL
2006,96.76,64.84,POL
2007,96.35,65.07,POL
2008,97.78,66.06,POL
2009,94.08,65.04,POL
2010,100.42,69.97,POL
2011,100.98,68.37,POL
2012,97.68,67.87,POL
2013,97.61,66.83,POL
2014,94.04,65.23,POL
2015,94.93,66.15,POL
2016,99.21,NA,POL
1960,2.98,2.65,PRT
1961,3.27,2.9,PRT
1962,3.27,2.93,PRT
1963,3.57,3.18,PRT
1964,3.71,3.31,PRT
1965,3.97,3.45,PRT
1966,4.03,3.64,PRT
1967,4.32,3.82,PRT
1968,4.39,3.83,PRT
1969,5.08,4.14,PRT
1970,5.76,4.72,PRT
1971,6.28,5.04,PRT
1972,6.43,5.31,PRT
1973,6.9,5.74,PRT
1974,7.22,5.91,PRT
1975,7.69,6.13,PRT
1976,8.16,6.37,PRT
1977,7.99,6.84,PRT
1978,8.76,7.23,PRT
1979,9.64,7.64,PRT
1980,9.99,7.91,PRT
1981,9.92,7.91,PRT
1982,11.09,8.63,PRT
1983,11.13,8.37,PRT
1984,11.15,8.74,PRT
1985,10.96,8.86,PRT
1986,12.12,9.43,PRT
1987,12.45,9.91,PRT
1988,13.02,10.9,PRT
1989,15.77,12.22,PRT
1990,16.78,13.39,PRT
1991,16.96,13.51,PRT
1992,18.05,14.01,PRT
1993,17.8,14.03,PRT
1994,18.26,14.73,PRT
1995,20.19,15.21,PRT
1996,19.99,15.8,PRT
1997,21.06,16.67,PRT
1998,22.76,17.86,PRT
1999,24.42,18.42,PRT
2000,24.59,19.36,PRT
2001,24.78,19.49,PRT
2002,25.81,19.95,PRT
2003,25.11,19.99,PRT
2004,25.82,20.41,PRT
2005,26.46,20.46,PRT
2006,25.15,19.7,PRT
2007,25.33,20.4,PRT
2008,24.68,19.51,PRT
2009,24.35,18.92,PRT
2010,23.5,18.95,PRT
2011,22.85,18.15,PRT
2012,21.44,16.39,PRT
2013,21.5,16.22,PRT
2014,21.17,16.19,PRT
2015,21.97,16.27,PRT
2016,21.43,NA,PRT
1960,NA,NA,SVK
1961,NA,NA,SVK
1962,NA,NA,SVK
1963,NA,NA,SVK
1964,NA,NA,SVK
1965,NA,NA,SVK
1966,NA,NA,SVK
1967,NA,NA,SVK
1968,NA,NA,SVK
1969,NA,NA,SVK
1970,NA,NA,SVK
1971,14.26,9.79,SVK
1972,14.82,10.16,SVK
1973,15.52,10.86,SVK
1974,16.25,11.16,SVK
1975,16.78,11.63,SVK
1976,17.39,11.85,SVK
1977,18.3,12.28,SVK
1978,19.21,13.12,SVK
1979,19.59,13.53,SVK
1980,19.84,13.03,SVK
1981,19.43,12.74,SVK
1982,18.98,12.35,SVK
1983,19.18,12.35,SVK
1984,20.16,12.98,SVK
1985,20.73,13,SVK
1986,20.67,12.56,SVK
1987,21.28,13.09,SVK
1988,21.56,13.42,SVK
1989,21.55,14.36,SVK
1990,21.33,15.75,SVK
1991,19.13,13.36,SVK
1992,18.09,12.41,SVK
1993,17.76,11.16,SVK
1994,17.43,10.82,SVK
1995,17.78,10.97,SVK
1996,18.08,11.65,SVK
1997,18.1,11.62,SVK
1998,17.55,11.44,SVK
1999,17.65,11.25,SVK
2000,17.74,11.42,SVK
2001,18.59,11.81,SVK
2002,18.73,11.92,SVK
2003,18.64,11.38,SVK
2004,18.35,11.29,SVK
2005,18.83,11.71,SVK
2006,18.64,11.39,SVK
2007,17.85,11.53,SVK
2008,18.32,11.82,SVK
2009,16.73,10.85,SVK
2010,17.83,11.44,SVK
2011,17.35,10.97,SVK
2012,16.66,10.24,SVK
2013,16.95,10.57,SVK
2014,15.95,9.74,SVK
2015,16.39,10.03,SVK
2016,16.52,NA,SVK
1960,NA,NA,SVN
1961,NA,NA,SVN
1962,NA,NA,SVN
1963,NA,NA,SVN
1964,NA,NA,SVN
1965,NA,NA,SVN
1966,NA,NA,SVN
1967,NA,NA,SVN
1968,NA,NA,SVN
1969,NA,NA,SVN
1970,NA,NA,SVN
1971,NA,NA,SVN
1972,NA,NA,SVN
1973,NA,NA,SVN
1974,NA,NA,SVN
1975,NA,NA,SVN
1976,NA,NA,SVN
1977,NA,NA,SVN
1978,NA,NA,SVN
1979,NA,NA,SVN
1980,NA,NA,SVN
1981,NA,NA,SVN
1982,NA,NA,SVN
1983,NA,NA,SVN
1984,NA,NA,SVN
1985,NA,NA,SVN
1986,NA,NA,SVN
1987,NA,NA,SVN
1988,NA,NA,SVN
1989,NA,NA,SVN
1990,5.71,3.69,SVN
1991,5.56,3.71,SVN
1992,5.16,3.39,SVN
1993,5.41,3.65,SVN
1994,5.63,3.88,SVN
1995,6.07,4.16,SVN
1996,6.32,4.59,SVN
1997,6.57,4.63,SVN
1998,6.45,4.55,SVN
1999,6.43,4.61,SVN
2000,6.41,4.65,SVN
2001,6.74,4.79,SVN
2002,6.83,4.75,SVN
2003,6.91,4.93,SVN
2004,7.13,5.08,SVN
2005,7.29,5.16,SVN
2006,7.32,5.24,SVN
2007,7.33,5.18,SVN
2008,7.76,5.52,SVN
2009,7.14,5.04,SVN
2010,7.33,5.22,SVN
2011,7.33,5.12,SVN
2012,7.04,5,SVN
2013,6.85,4.88,SVN
2014,6.65,4.71,SVN
2015,6.57,4.79,SVN
2016,6.77,NA,SVN
1960,20.2,18.63,SWE
1961,20.62,19.18,SWE
1962,21.83,20.29,SWE
1963,23.42,21.86,SWE
1964,25.08,23.36,SWE
1965,26.59,24.85,SWE
1966,28.39,26.54,SWE
1967,28.56,26.47,SWE
1968,31.66,28.97,SWE
1969,34.29,30.98,SWE
1970,37.65,32.85,SWE
1971,36.04,32.54,SWE
1972,36.77,33.01,SWE
1973,38.84,34.82,SWE
1974,36.81,33.07,SWE
1975,39.03,34.95,SWE
1976,42.36,36.8,SWE
1977,41.71,35.6,SWE
1978,41.52,34.37,SWE
1979,43.37,35.73,SWE
1980,40.49,34.6,SWE
1981,42.41,33.58,SWE
1982,40.61,31.66,SWE
1983,41.16,30.9,SWE
1984,43.49,30.77,SWE
1985,47.23,32.61,SWE
1986,49.2,33.38,SWE
1987,48.4,33.32,SWE
1988,49.39,33.13,SWE
1989,47.51,32.05,SWE
1990,47.2,32.12,SWE
1991,48.69,32.17,SWE
1992,46.54,34.09,SWE
1993,46.51,34.12,SWE
1994,49.7,35.01,SWE
1995,50.33,35.81,SWE
1996,51.5,36.84,SWE
1997,50.17,36.13,SWE
1998,51.07,36.24,SWE
1999,50.15,35.7,SWE
2000,47.56,35.3,SWE
2001,50.53,35.12,SWE
2002,51.78,35.53,SWE
2003,50.62,34.91,SWE
2004,52.59,34.76,SWE
2005,51.57,34.54,SWE
2006,50.21,34.23,SWE
2007,50.06,34.4,SWE
2008,49.6,33.25,SWE
2009,45.41,32.01,SWE
2010,50.9,34.86,SWE
2011,49.61,33,SWE
2012,50.15,32.92,SWE
2013,49.4,32.36,SWE
2014,48.22,31.9,SWE
2015,45.45,32.27,SWE
2016,48.2,NA,SWE
1960,10.69,9.73,TUR
1961,10.85,9.92,TUR
1962,11.85,10.42,TUR
1963,12.45,11.04,TUR
1964,13.12,11.29,TUR
1965,13.81,11.62,TUR
1966,15.17,12.46,TUR
1967,15.72,13.3,TUR
1968,16.53,13.83,TUR
1969,17.42,14.24,TUR
1970,18.21,15.15,TUR
1971,19.54,16.17,TUR
1972,22.07,18.62,TUR
1973,24.35,19.86,TUR
1974,25.2,20.4,TUR
1975,26.76,22.12,TUR
1976,29.12,24.27,TUR
1977,31.93,26.09,TUR
1978,31.8,26.62,TUR
1979,30.25,25.31,TUR
1980,31.45,26.32,TUR
1981,31.71,26.31,TUR
1982,33.7,28.12,TUR
1983,35.68,29.43,TUR
1984,37.11,30.01,TUR
1985,39.32,30.88,TUR
1986,42.36,32.52,TUR
1987,46.97,37.12,TUR
1988,47.29,37.92,TUR
1989,49.1,38.62,TUR
1990,52.7,40.17,TUR
1991,51.98,40.8,TUR
1992,53.63,42.02,TUR
1993,56.89,45.22,TUR
1994,56.21,43.08,TUR
1995,61.57,47.7,TUR
1996,66.92,51.58,TUR
1997,70.41,53.35,TUR
1998,71.74,53.46,TUR
1999,70.43,51.7,TUR
2000,75.92,57.91,TUR
2001,70.2,52.12,TUR
2002,74.21,57.31,TUR
2003,77.87,60.72,TUR
2004,80.72,63.27,TUR
2005,84.21,65.53,TUR
2006,93.15,72.59,TUR
2007,100,76.6,TUR
2008,98.7,74.53,TUR
2009,97.79,73.42,TUR
2010,106.65,77.88,TUR
2011,113.46,81.75,TUR
2012,118.14,87.38,TUR
2013,116.85,85.27,TUR
2014,121.5,85.55,TUR
2015,128.81,93.54,TUR
2016,134.57,NA,TUR
1960,1019.3,806.89,USA
1961,1030.89,817.8,USA
1962,1077.18,853.8,USA
1963,1132.95,896.14,USA
1964,1177.61,933.36,USA
1965,1225.64,961.71,USA
1966,1295.59,1014.59,USA
1967,1353.19,1079.54,USA
1968,1419.69,1139.18,USA
1969,1486.1,1168.25,USA
1970,1552.05,1203.19,USA
1971,1587.47,1228.61,USA
1972,1666.78,1280.57,USA
1973,1729.94,1315.37,USA
1974,1691.5,1271.72,USA
1975,1653.55,1228.14,USA
1976,1766.21,1295.21,USA
1977,1824.81,1336.29,USA
1978,1878.26,1361.42,USA
1979,1874.04,1370.01,USA
1980,1804.68,1311.29,USA
1981,1754.85,1288.24,USA
1982,1681.67,1228.08,USA
1983,1683.1,1213.1,USA
1984,1755.32,1282.31,USA
1985,1774.02,1269.38,USA
1986,1771.24,1267.98,USA
1987,1846.77,1310.73,USA
1988,1919.26,1367.95,USA
1989,1947.47,1325.34,USA
1990,1915.05,1293.5,USA
1991,1930.62,1295.07,USA
1992,1969.36,1302.77,USA
1993,2003.84,1325.47,USA
1994,2041.29,1357.1,USA
1995,2067.32,1377.69,USA
1996,2113.25,1421.42,USA
1997,2134.52,1439.29,USA
1998,2152.68,1437.81,USA
1999,2210.9,1490.43,USA
2000,2273.34,1546.23,USA
2001,2230.7,1519.86,USA
2002,2255.94,1523.46,USA
2003,2261.17,1539.31,USA
2004,2307.77,1567.68,USA
2005,2318.77,1563.04,USA
2006,2296.82,1558.66,USA
2007,2337.37,1576.04,USA
2008,2277.11,1532,USA
2009,2164.76,1451.93,USA
2010,2215.22,1512.42,USA
2011,2190.42,1498.78,USA
2012,2156.52,1472.02,USA
2013,2179.31,1506.43,USA
2014,2216.81,1531.43,USA
2015,2188.28,1520.14,USA
2016,2158.99,NA,USA
